id,name,age,location,created_at
1,Eldridge De la Harpe,56,Chad,2025-03-31
2,Dottie Throssell,30,Russia,2024-07-23
3,Akim Muzzollo,53,Sweden,2025-02-27
4,Boy Silverwood,58,Afghanistan,2024-12-26
5,Vivienne Jayes,47,Ukraine,2024-04-27
6,Huntlee Keuning,32,China,2023-01-24
7,Harmonie Monkley,46,Guatemala,2023-06-16
8,Derk Iannello,55,China,2024-12-03
9,Tammy Roscam,32,Norway,2025-01-08
10,Harper Onians,48,Poland,2023-04-29
11,Ardelia Baggelley,57,Finland,2023-05-12
12,Cyrus Kohring,46,China,2024-07-22
13,Fritz Birk,29,Russia,2024-04-06
14,Luella Maro,19,Cameroon,2024-08-24
15,Antoni Creak,52,Ukraine,2023-02-08
16,Philip Wilsey,54,South Korea,2024-09-11
17,Shandra Raddish,55,Republic of the Congo,2023-11-01
18,Megen Nicholson,20,China,2023-08-16
19,Kaspar Craigs,55,Serbia,2023-07-04
20,Isidora Haulkham,23,China,2024-05-08
21,Cass Mantripp,29,Estonia,2024-07-20
22,Zia Scoyles,23,Saudi Arabia,2024-06-17
23,Rob McJarrow,41,China,2024-05-24
24,Adel Vanyukhin,35,Ecuador,2024-08-30
25,Sileas Daburn,51,Slovenia,2024-06-13
26,Nollie Nabarro,32,China,2024-06-13
27,Hugues Bartol,42,Poland,2023-10-07
28,Celestina Cridland,43,Russia,2024-09-05
29,Leigha Tale,42,Malaysia,2024-06-19
30,Oates Roddick,50,Indonesia,2024-11-11
31,Karlee Denacamp,27,Ukraine,2023-02-28
32,Cornela Wessel,38,Italy,2023-06-14
33,Kerwin Bavester,24,Thailand,2024-07-30
34,Toby Cobbledick,43,China,2023-06-24
35,Hebert Goater,18,Yemen,2023-12-06
36,Deanna Perfili,58,Argentina,2024-05-08
37,Shawnee Langlois,47,United Kingdom,2023-01-20
38,Agnesse Cogzell,36,China,2025-01-07
39,Mabel Farrin,33,Philippines,2024-08-05
40,Ode Bazylets,22,Indonesia,2024-07-26
41,Rudolf Leggan,39,Colombia,2024-02-11
42,Tallie Shurville,52,France,2023-03-12
43,Justinn Twitching,38,Indonesia,2024-11-07
44,Letitia Gillis,54,China,2023-07-22
45,Olvan Berkery,58,Philippines,2023-04-10
46,Marleah Barrasse,43,Malta,2023-04-01
47,Elbertina Loade,53,Argentina,2023-07-17
48,Valentine Kennett,47,China,2024-03-20
49,Rollins Jerzyk,59,Indonesia,2024-05-01
50,Ronalda Goodspeed,25,China,2025-01-05
51,Rip Maken,56,France,2023-12-12
52,Germaine McLauchlin,47,Philippines,2023-09-25
53,Cherin Bes,37,China,2025-02-28
54,Horacio MacQuist,17,Thailand,2024-02-21
55,Nata Hembling,19,China,2023-08-11
56,Louisa O' Reagan,58,Myanmar,2023-01-28
57,Madeleine Patullo,27,Benin,2024-01-22
58,Kimberlyn Ablott,46,Ukraine,2025-01-01
59,Robert Peppard,47,Azerbaijan,2024-03-04
60,Rorie Carruth,54,Indonesia,2024-07-24
61,Kellen Yea,53,China,2024-06-09
62,Marshal Balling,54,Vietnam,2024-08-14
63,Theobald Gallier,35,Ireland,2024-08-21
64,Myrta Olyonov,40,Canada,2024-09-26
65,Neddy Wooding,41,France,2025-01-02
66,Bryna Capel,36,Guinea-Bissau,2024-02-18
67,Benedikt Lippitt,42,Indonesia,2023-07-13
68,Sharron Ovendon,44,China,2025-01-25
69,Sugiono,70,Japan,2024-09-02
70,Lena Lupson,57,China,2024-07-13
71,Tracie Campling,20,China,2024-07-14
72,Kayne Scaice,21,China,2025-02-12
73,Allyce Gillibrand,17,Nigeria,2023-11-20
74,Wilmar Tourry,38,China,2023-11-27
75,Davidde Pedlow,43,France,2023-03-21
76,Dyane Bidewell,39,Indonesia,2024-09-11
77,Corrie Victor,18,Australia,2025-01-11
78,Dal Wilcock,32,China,2025-05-09
79,Kirsti Albrecht,24,China,2024-01-23
80,Belicia Pollitt,59,Portugal,2024-04-12
81,Cherlyn Cosgreave,41,South Africa,2024-10-15
82,Angelica Swane,37,Brazil,2023-01-16
83,Mathias Crotch,37,China,2025-04-21
84,Lainey Toombs,31,Iran,2025-02-07
85,Clarice Mahady,59,China,2024-05-25
86,Jo Woolford,42,Sweden,2023-06-16
87,Clerc Faro,21,China,2023-04-06
88,Juan Gye,32,United States,2023-03-26
89,Neala Morris,49,Philippines,2024-07-31
90,Sharron Honsch,22,Indonesia,2023-05-20
91,Madella Cockayne,34,Netherlands,2025-02-05
92,Thekla Nancekivell,18,Portugal,2024-12-12
93,Chic Krol,18,China,2024-05-07
94,Shirl Gorrie,52,China,2024-05-28
95,Casey Capron,51,Indonesia,2024-07-22
96,Korry Spencook,22,China,2024-07-23
97,Fidel Rawstorn,57,Czech Republic,2024-11-06
98,Riley Duval,43,France,2024-03-27
99,Leontyne Lanfer,41,Brazil,2023-10-31
100,Ulrica Justham,22,Greece,2024-12-09
101,john cena,40,USA,2025-05-13
